ID,Username,Password,UserAddress,Phone,UserActivities,UserStatus,Gender,Remarks
1,JohnDoe,Password1,Address1,85261234567,Activity1,Active,Male,Remark1
2,JaneSmith,Password2,Address2,85261234568,Activity2,Inactive,Female,Remark2
3,MichaelJohnson,Password3,Address3,85261234569,Activity3,Active,Male,Remark3
4,EmilyDavis,Password4,Address4,85261234570,Activity4,Inactive,Female,Remark4
5,WilliamBrown,Password5,Address5,85261234571,Activity5,Active,Male,Remark5
6,OliviaWilson,Password6,Address6,85261234572,Activity1,Inactive,Female,Remark6
7,JamesJones,Password7,Address7,85261234573,Activity2,Active,Male,Remark7
8,IsabellaGarcia,Password8,Address8,85261234574,Activity3,Inactive,Female,Remark8
9,BenjaminMartinez,Password9,Address9,85261234575,Activity4,Active,Male,Remark9
10,SophiaRodriguez,Password10,Address10,85261234576,Activity5,Inactive,Female,Remark10
11,DanielMiller,Password11,Address11,85261234577,Activity1,Active,Male,Remark11
12,AvaLopez,Password12,Address12,85261234578,Activity2,Inactive,Female,Remark12
13,AlexanderGonzalez,Password13,Address13,85261234579,Activity3,Active,Male,Remark13
14,MiaHarris,Password14,Address14,85261234580,Activity4,Inactive,Female,Remark14
15,HenryClark,Password15,Address15,85261234581,Activity5,Active,Male,Remark15
16,AmeliaLewis,Password16,Address16,85261234582,Activity1,Inactive,Female,Remark16
17,DavidYoung,Password17,Address17,85261234583,Activity2,Active,Male,Remark17
18,CharlotteWalker,Password18,Address18,85261234584,Activity3,Inactive,Female,Remark18
19,JosephAllen,Password19,Address19,85261234585,Activity4,Active,Male,Remark19
20,HarperKing,Password20,Address20,85261234586,Activity5,Inactive,Female,Remark20
21,SamuelWright,Password21,Address21,85261234587,Activity1,Active,Male,Remark21
22,EvelynHill,Password22,Address22,85261234588,Activity2,Inactive,Female,Remark22
23,MatthewScott,Password23,Address23,85261234589,Activity3,Active,Male,Remark23
24,AbigailGreen,Password24,Address24,85261234590,Activity4,Inactive,Female,Remark24
25,JoshuaAdams,Password25,Address25,85261234591,Activity5,Active,Male,Remark25
26,SophiaBaker,Password26,Address26,85261234592,Activity1,Inactive,Female,Remark26
27,AndrewNelson,Password27,Address27,85261234593,Activity2,Active,Male,Remark27
28,EmilyCarter,Password28,Address28,85261234594,Activity3,Inactive,Female,Remark28
29,ChristopherMitchell,Password29,Address29,85261234595,Activity4,Active,Male,Remark29
30,GracePerez,Password30,Address30,85261234596,Activity5,Inactive,Female,Remark30
31,JosephRoberts,Password31,Address31,85261234597,Activity1,Active,Male,Remark31
32,ChloeTurner,Password32,Address32,85261234598,Activity2,Inactive,Female,Remark32
33,ThomasPhillips,Password33,Address33,85261234599,Activity3,Active,Male,Remark33
34,LilyCampbell,Password34,Address34,85261234600,Activity4,Inactive,Female,Remark34
35,CharlesParker,Password35,Address35,85261234601,Activity5,Active,Male,Remark35
36,VictoriaEvans,Password36,Address36,85261234602,Activity1,Inactive,Female,Remark36
37,JonathanEdwards,Password37,Address37,85261234603,Activity2,Active,Male,Remark37
38,EllaCollins,Password38,Address38,85261234604,Activity3,Inactive,Female,Remark38
39,PaulStewart,Password39,Address39,85261234605,Activity4,Active,Male,Remark39
40,ZoeSanchez,Password40,Address40,85261234606,Activity5,Inactive,Female,Remark40
41,KevinMorris,Password41,Address41,85261234607,Activity1,Active,Male,Remark41
42,SamanthaRogers,Password42,Address42,85261234608,Activity2,Inactive,Female,Remark42
43,NicholasReed,Password43,Address43,85261234609,Activity3,Active,Male,Remark43
44,AnnaCook,Password44,Address44,85261234610,Activity4,Inactive,Female,Remark44
45,GeorgeMorgan,Password45,Address45,85261234611,Activity5,Active,Male,Remark45
46,StellaBell,Password46,Address46,85261234612,Activity1,Inactive,Female,Remark46
47,EdwardMurphy,Password47,Address47,85261234613,Activity2,Active,Male,Remark47
48,LucyBailey,Password48,Address48,85261234614,Activity3,Inactive,Female,Remark48
49,NathanRivera,Password49,Address49,85261234615,Activity4,Active,Male,Remark49
50,SophieCooper,Password50,Address50,85261234616,Activity5,Inactive,Female,Remark50
